{
  "project_info": {
    "project_number": "52218385514",
    "firebase_url": "https://fcmtest-160303.firebaseio.com",
    "project_id": "fcmtest-160303",
    "storage_bucket": "fcmtest-160303.appspot.com"
  },
  "client": [
    {
      "client_info": {
        "mobilesdk_app_id": "1:52218385514:android:d345d02fe390d2b0",
        "android_client_info": {
          "package_name": "com.example.fcmtest"
        }
      },
      "oauth_client": [
        {
          "client_id": "52218385514-i9cc475m35dtis40h6g1dpgkicdjpapb.apps.googleusercontent.com",
          "client_type": 3
        }
      ],
      "api_key": [
        {
          "current_key": "AIzaSyCGfK5er5RSEmzYITr-7fBLS622xFT49Ak"
        }
      ],
      "services": {
        "analytics_service": {
          "status": 1
        },
        "appinvite_service": {
          "status": 1,
          "other_platform_oauth_client": []
        },
        "ads_service": {
          "status": 2
        }
      }
    }
  ],
  "configuration_version": "1"
}